id;nombre_1;nombre_2;apellido_1;apellido_2;tipo_documento;numero_documento;lugar_expedicion;fecha_expedicion;fecha_nacimiento;direccion_residencia;barrio;fecha_ingreso;tiempo_requerido;cargo_desempeniar;salario;eps;estado;fecha_baja
1;portal calculating Metal;real-time discrete redundant;Synergistic Personal Loan Account Sleek;Borders;olive Handcrafted Cotton Bacon Unbranded Fresh Pants;incubate;interfaces;2019-10-29T05:17:18;2019-10-29T20:33:15;Dale;Specialist generating;2019-10-29T00:46:02;3050;Small Fresh Gloves;36019;Plastic South Georgia and the South Sandwich Islands;Activo;2019-10-29T01:12:30
2;sky blue;Peru deposit;Frozen Analyst card;redundant;content;Gorgeous Electronics Brand;infomediaries Som Rustic Frozen Keyboard;2019-10-29T10:48:02;2019-10-29T15:24:40;Benin;Tuna Response invoice;2019-10-29T09:00:58;73789;Jamaica Credit Card Account;41960;Organic;Activo;2019-10-29T13:12:42
3;Small;Incredible Fresh Chips;Shoes Music connect;Hollow Shoes systems;Generic Frozen Tuna HTTP;implement;Optimization Cambridgeshire;2019-10-29T08:28:19;2019-10-29T05:36:30;Soap Tasty Metal Sausages Outdoors;invoice multi-byte;2019-10-29T05:09:54;38816;deposit Station;54561;Web revolutionize Branding;Inactivo;2019-10-29T12:21:46
4;Ergonomic Rubber Chicken;Handcrafted Plastic Shirt quantifying;wireless;hybrid;Solomon Islands Dollar;Personal Loan Account HTTP;schemas Specialist China;2019-10-29T11:15:13;2019-10-29T03:24:08;multi-byte Producer;Cotton Robust;2019-10-29T07:29:02;34080;Infrastructure SSL bandwidth;75087;compress Fantastic Global;Activo;2019-10-29T14:16:25
5;Fantastic Small Frozen Salad bypassing;time-frame Quality;Borders Borders Practical;methodical;Pakistan;parse;neural Wooden Optimization;2019-10-28T22:02:06;2019-10-29T20:02:07;Austria mindshare EXE;bandwidth Liaison;2019-10-29T04:54:15;76151;Auto Loan Account Refined Practical;70096;Fantastic Fresh Salad;Activo;2019-10-29T07:27:56
6;PCI SAS;Interactions;Pennsylvania dynamic bandwidth;navigate Oklahoma;Triple-buffered array;Bedfordshire Tools;Arizona hack;2019-10-29T03:00:16;2019-10-29T18:35:46;payment synthesize Idaho;seize Glen Refined;2019-10-29T08:44:10;22359;Assistant Industrial;96987;Incredible Fresh Car Tuvalu;Activo;2019-10-29T19:36:23
7;Tuna magenta;Wells;Naira iterate;Unbranded Plastic Chips Brand Regional;Generic B2B;olive;facilitate Persevering;2019-10-29T15:02:04;2019-10-29T19:33:04;Engineer Architect;Beauty dynamic schemas;2019-10-29T06:57:01;68473;Keyboard;91092;parsing;Inactivo;2019-10-29T19:25:51
8;SCSI Aruba Chair;drive online;Liaison engage navigate;Assistant generating;Practical Steel Shirt Plastic Movies;SMS;Zimbabwe parse Customer;2019-10-29T07:22:24;2019-10-29T02:57:41;Accounts navigating Ergonomic;purple User-friendly;2019-10-29T14:49:24;60617;Synergized;67170;Checking Account global Steel;Inactivo;2019-10-29T14:01:49
9;connecting Planner Refined;engage Granite Grocery;bluetooth payment digital;Rubber Industrial seamless;withdrawal Jamaica;International;Luxembourg Spurs;2019-10-28T23:33:57;2019-10-29T11:53:59;Home Loan Account;CFP Franc back-end Via;2019-10-29T01:12:25;49211;Business-focused Canyon Orchestrator;49261;concept payment;Activo;2019-10-29T08:31:21
10;Creek;Shirt Metal;Mouse Rupiah;Human Mission;Officer Savings Account Automated;Pants even-keeled Chair;Brazil;2019-10-29T08:35:27;2019-10-29T10:21:30;cyan innovative;open architecture alliance;2019-10-29T19:12:07;79941;Credit Card Account Sleek;87357;Regional;Inactivo;2019-10-29T00:34:40
